{
    "loss": 20.302248001098633,
    "accuracy": 0.625668466091156
}