{
    "loss": 0.7416351437568665,
    "accuracy": 0.7165775299072266
}