{
    "loss": 0.2380571812391281,
    "accuracy": 0.9197860956192017
}