{
    "loss": 13.371527671813965,
    "accuracy": 0.3743315637111664
}