{
    "loss": 0.23628626763820648,
    "accuracy": 0.9251337051391602
}